text,label
"The performance of Arirang really surprised me. Going into 2026, I don't think many people expected a BTS album released after such a long hiatus to be one of the strongest performing albums globally this year.",reaction
"Their style tends to emphasize a more mature, sometimes sexualised image, paired with heavy electronic processing in their music — they intentionally use artificial textures, layered effects, and stylised autotune as part of their sound identity.",analysis
"This is the first ever music group that made my chest very light and free, as they're very much vocal about what they want to talk about, such as mental health, sexuality, politics, and more.",fandom
"Watched the Seulgi, Karina, Winter and Irene stage and was even more mindblown — the hook is soo catchy and now I can't stop replaying it.",reaction
"KSPO DOME is considered THE venue for K-Pop Girl Groups and so far only 4 Girl Groups from 4th/5th gen have performed there — who do you think will be next?",reaction
"Ggs have more popular songs and way better album packaging than bgs most of the time yet bgs keep pulling 1 million or even 2 million first-week sales while most ggs can't.",analysis
"Why debut a group and make concepts that suit a particular member — isn't the difference between stanning a soloist and a group that you get to see how different voices come together and make a banger?",analysis
"The fromis 9 members talk about how they had their dorm life in the loft with no proper insulation so the faucets would freeze during the winter — the trauma dump from basically being treated like harry potter in the step parents' house is gonna anger some people online.",reaction
"As a multistan who stans around 20 girl groups, I am ALWAYS fed — there is constantly new content, comebacks, performances, and livestreams so I'm never bored.",fandom
"ARIRANG doesn't sound like it was pieced together over email - it sounds like it was made with everyone in the same room, engrossed in productive, lively debate. It's an album that feels LIVED IN and stitched together with care.",analysis
"The tracklist has a clear distinction between side A and side B, separated by the 1min 37 secs long track No.29 — a much needed breather after the heavy first half, with genres ranging from psychedelic indie rock to electropop to hiphop.",analysis
"Aliens is heartbreaking, infuriating, empowering and inspiring all at once — BTS speak of their experiences being aliens in the bigger western-dominated music industry, and it's one of their best written songs to date.",analysis
"I've been writing this essay in my head ever since BTS released ARIRANG on 20th March 2026, feeling the need to preserve the impact this album and era have had on me.",fandom
"I was blown away by how BTS delivered on everything and more, on their own terms and exactly the way they wanted to.",reaction
"In 2024 Daniel Jikal signed with and later debuted under PNation, but there's been complete radio silence since — he made maybe 2 posts on Instagram in 2025 and that's about it.",reaction
"He seemed to have a lot going for him so I'm confused about why there's been no updates — does anyone know what happened?",fandom
"LUCY is my #1 K-band currently — their live performances with the orchestra are addicting and I listen to them on repeat, especially Sequel which is my favorite angsty song.",fandom
"Changbin is incredible — his verse in Mirror Mirror is insane, it's so fast yet you can still hear all of the syllables clearly.",analysis
"Kim Yechan is my favourite female vocal for likely all time — responsible for the insane main vocal moments in every PinkFantasy song.",fandom
"Seeun's voice has an almost buzzing electric quality that makes him sound stylistically autotuned even when there aren't any such shenanigans going on — he's the unique voice that defines xikers and his tone really fits their high energy vibe.",analysis
"D.O./Kyungsoo — I was in love with this man's voice before I even knew who he was or had heard an EXO song. Sounds like caramel.",fandom
"Dongmyeong's vocal tone is so warm, velvety rich, and grounded — one of my favorite voices, super satisfying.",fandom
"Hwasa's mic is always on and her voice has so much charisma and such a sultry quality — personally I think she's the Korean artist whose vocals would appeal most to Western audiences.",analysis
"To be something in the western industry you need to have command and presence — most idols in groups lack that, and if they don't, they seem to overpower the group.",analysis
"Soyeon never misses vocally and her voice kind of reminds me of Britney Spears.",fandom
"Heeseung has perfect pitch, versatile vocals, and is a truly talented and charismatic performer — his cover of Can't Feel My Face shows how he could appeal to a western audience that isn't into kpop.",fandom
"Kpop companies need to do a better job at collabs — it should not come across as a project done at deadline, but something unique that comes out of two cultures connecting, like Mic Drop.",analysis
"Nu metal makes a lot of sense for kpop actually — thinking about the relationship kpop has with hip-hop, it's a pairing that I never really thought about before but it tracks.",analysis
"I desperately want to see a reggaeton kpop song — the closest chance is Nmixx since they already have Tic Tic and have shown interest in South America.",reaction
"If you look at top performing groups everyone is following the same career blueprint — companies have so much accumulated data on how an idol's shelf life impacts marketability, and young idols simply equal more profitable.",analysis
"For boy groups, having to enlist by 28 is a huge factor — if a guy debuts at 23 and has to enlist around 28, that's only 5-6 years in, right when most groups should be entering their prime and reaping the benefits of their earlier career.",analysis
"Fifth Harmony were underage, One Direction had underage members, Backstreet Boys the same — acts that cater to teens have always entered the industry as teens, it's an ongoing and honestly kind of sad reality everywhere.",analysis
"You can't do a mature concept if everyone in the group is a teenager — I miss mature adult groups and I don't resonate with a lot of these idols because they're so young.",reaction
"Fans blame the company because they cannot blame the idols — they hide behind their hatred for the company instead of accepting that there is something they do not like about their favourite idols.",analysis
"Being an adult doesn't mean full control — it means having enough experience to bargain for what you want, and in Twice's case, being well-respected enough in the company to actually have a say in their trajectory.",analysis
"Idols in their first contract signed mostly when they were young and impressionable, so scheduling is all on the company — but idols who renewed have more leverage when negotiating terms and more say in comebacks and concerts.",analysis
"The thing idols lament the most on livestreams is NOT having something to do — this is their dream, they want to be working and performing, and when other idols see Twice in arenas they are envious.",reaction
"My ult has repeatedly told fans that the company isn't to blame for everything and that he has had a lot of input in both group and solo releases — fans STILL blame the company and create scenarios where staff actively tries to sabotage him.",fandom
"Many kpop fans are more drawn to the drama than the music itself — megathreads about lawsuits and scandals draw more interaction than threads that actually discuss songs and albums.",analysis
"Kpop in particular is thee parasocial attachment business — idols' job is to make their fans love them and feel like they'd be cool friends, so of course fans get invested in what happens to them.",analysis
"You can't rationalize with a demographic that fought over Britney and Christina Aguilera — fans are always going to be parasocial until they grow out of it and the next generation takes over.",reaction
"I'll continue to love all of my faves in my own way because kpop fans who don't spend their time engaging in online bloodsport do in fact exist — those of us who just want our faves to do well exist.",fandom
"ZB1's Ascend- is boy group perfection — TOP 5 is incredible, Customize and Exotic have crack laced in them, and there are no skips in this one.",reaction
"Boynextdoor's HOME is a seamless shift into a mature sound — 06070 and VIRAL have wonderful writing and the album sounds like how an expensive dark chocolate would taste.",analysis
"Boompala is about letting go and embracing the wider world — the unique beats mixed with the sample make it distinct yet connected to the original song, and there's a lot of depth beneath the surface.",analysis
"Seeing XLOV's queer idols become so popular warms my heart — SERVE is a serve, Masterpiece is a masterpiece, and both duo songs are so sultry.",fandom
"If you don't get caught up in the social media derangement, 2026 has been a fantastic year for kpop — with BTS and other comebacks incoming it could objectively be one of the best years yet.",reaction
"I dropped over half my fanclubs and reduced album and concert spending by 80% once I realized it is completely on the company to promote their artists — it is not my job to promote my favs nor my responsibility to pay their salaries.",reaction
"Companies paint this narrative that groups disband because of lack of album sales to squeeze every last cent out of your wallet — but even mid tier groups don't disband because of popularity or revenue issues.",analysis
"The success of any kpop group is someone else's job — a whole company exists for them, an entire marketing team, management, and distribution team, all of whom are getting paid to make groups successful.",analysis
"That pressure of feeling financially responsible for your favs is exactly why so many kpop fans feel entitled to every part of the life of their idols.",analysis
"I enjoyed a release the most from my fave when I participated in fandom the absolute least — I just let myself enjoy it as I wanted and turns out I really liked it.",fandom
"Old kpop music show episodes are becoming incredibly hard to find — I fear that one day they'll just disappear when a random worker decides to delete everything, or get locked behind paywalls.",reaction
"Fan archives of broadcast recordings are often much better quality than official platforms because companies don't want to pay for the bandwidth — it surprises me that such a visuals-focused industry doesn't give a shit about terrible bitrates ruining their videos.",analysis
"KBS could theoretically offer old Music Bank episodes for streaming, but given that the majority of it is copyrighted music, a blanket license like the BBC has would be needed and KBS simply isn't set up that way.",analysis
"Just like all those idol video logs and kpop idol shows were lost when V-live went dark — the loss of old content is so tragic.",reaction
"Stray Kids completely changed my mind about kpop — I found them through the Tower of God anime opening and what I love most is the strong bond and sense of family they have, paired with amazing songs and strong performances.",fandom
"BTS's Dynamite was the worst possible introduction to kpop for me — I thought all kpop must be boring until a YouTube algorithm rabbit hole led me to Black Swan, which I fell completely in love with.",reaction
"I hated how kpop focuses so much on visuals which creates body image issues — someone close to me suffered because of a viral idol at the time and it made me resent the industry even more.",analysis
"ATEEZ made me realize not all kpop stans are toxic — they also promoted a healthy view of their bodies and explored concepts from cute to hardcore, feeling like a true family rather than a manufactured product.",fandom
"I ended up humming Gee to myself after hate-watching SNSD MVs at 13 and my friend said it was peak — 14 years later I'm still a sone and nobody comes close to my adoration for them.",fandom
"What if Covid never happened — would kpop have looked different musically, and how different would fandom look without the influx of normies into fandom spaces during lockdown who made kpop baby's first fandom for a lot of people?",analysis
"BTS and Blackpink's rise as global stars is partly attributed to a battle of the BB vs GG underdogs catching the western mainstream's imagination — so if BTS had actually broken up in 2018, kpop might have remained a subculture rather than a mainstream genre.",analysis
"What if SM had managed EXO properly instead of letting all that potential die through annoying hiatuses, turned down opportunities, and mismanaging artists — they were massively popular right when the West was genuinely curious about kpop.",reaction
"What if military enlistment wasn't a thing in Korea — it just kills a group's momentum and is a huge loss, not to mention what it does to people mentally.",reaction
"What if TVXQ remained as 5 is always my answer because they really had one of the best lineups of all time.",fandom
"Concept pictures and videos used to excite me but after years of being a fan I know most of them have nothing to do with an album's sound — visuals can't ever excuse lackluster music.",reaction
"Watching ads to get votes for music shows is a sham — the group doesn't see even a little bit of that revenue, and for the majority of groups that actually win it doesn't make a difference to them.",analysis
"When they release music based on its potential to become a tiktok trend or challenge regardless of whether it's actual music, that's when I completely check out.",reaction
"The kpop space is incredibly negative and full of haters to the point that it's a detriment to the genre as a whole — 99% of scandals are just made up by 15 randos on a Korean board or 15 haters on twitter.",analysis
"Kpop should be an escape from wars, nationalism, and racism — but now I see the same toxic attitude in the kpop sphere that manifests in places with much higher stakes.",reaction
"The Seunghan situation is completely ridiculous — he got put on hiatus for almost 10 months for a leaked pic of him appearing to smoke a cigarette taken before debut, and when SM announced his return toxic fans sent 100+ funeral wreaths demanding his permanent removal.",reaction
"GFriend blew up because of a 2015 fancam of them falling nine times and persevering through a slippery stage — the show must go on mentality made them iconic.",reaction
"Someone tried kidnapping SNSD's Taeyeon in the middle of a performance and Sunny held onto her for dear life — 2nd gen kpop genuinely feels like a fever dream sometimes.",reaction
"The Incheon Battle between Leeteuk and Heechul is still one of the most insane stories in kpop — a 30 minute fistfight witnessed by journalists and other idols, footage suppressed by SM, and they're now debuting as a subunit together.",reaction
"Jungmo from Cravity hid being an idol from his family for half a decade — they only found out when a relative asked his grandmother for his autograph and she had absolutely no idea what they were talking about.",reaction
"I see kpop albums as collectible art objects — what attracts me most is the way they combine visual identity, packaging, and storytelling into a physical object rather than just being a way to access music.",analysis
"Generative AI has no place in design or art — my opinion of an album would absolutely change if parts of the artwork were created using AI.",reaction
"When Ateez downgraded on album quality with square boxes shoddily made of folded paper and minimal inclusions, I didn't buy it — I want the purchase to be worth it especially since imported albums are 2-3 times as expensive outside Korea.",reaction
"I don't even own a CD player but I still buy albums — I see them mostly as collectibles and buy because I really like the group or really like the album design.",fandom
"Physical albums feel more personal and allow me to collect decorative objects I can display in my space, making the music experience extend beyond just listening.",fandom
"BOYNEXTDOOR's 06070 passes between each member's anxieties as trainees one by one — starting with Jaehyun alone at 20 abandoning then re-picking up his dream, ending with Woonhak at 20 excited to go on stage, with the chorus itself included as part of the one-by-one structure rather than a reset.",analysis
"Metrics for quality and success in pop music can be related but there is no causation — there are plenty of good quality songs that get nowhere near success and plenty of terrible music that gets huge numbers.",analysis
"DDI RO RI keeps circulating because it's divisive — meme edits, YouTube parodies, and viral clips keep popping up, and it's telling that just generally good songs don't seem to gain much traction anymore.",analysis
"The controversy about the dorori part is exactly what helped it blow up — you have to do something a little provocative if you want to stand out.",reaction
"The girls are being reacted to and talked about more with this release than with Hands Up which peaked at 10-15 — the divisiveness brought way more attention after an 8 month hiatus for a group not even 2 years old.",analysis
"BoyNextDoor feels very Korean like a 2nd or 3rd gen boy group, which explains their domestic popularity — but unless they change to a more westernized sound it would be hard to grow globally, even though their steady Korean fanbase means they won't decline either.",analysis
"I-dle had one of the most successful runs in 4th gen with Tomboy, Nxde, Queencard, and Super Lady giving big 4 groups a run for their money — but now a large part of their fandom has left and each comeback does worse than the previous one.",analysis
"KOZ saw what happened with 4th gen groups who immediately dove into catering to the Western market and ignored domestic audiences, and learned their lessons from it — BND is focusing on becoming a household name in Korea and Japan first.",analysis
"All 4th gen big boy groups seem to have failed to break out in the domestic market — Ateez, Enhypen, and SKZ have found international fans but domestic traction is a different story.",analysis
"Survival shows have a vision for the final group — if they need a centre, they won't pick a strong vocalist who lacks centre presence, they'll pick whoever ticks all the boxes for that specific role even if they aren't the most skilled overall.",analysis
"Sakura doesn't deserve the hate she's getting — people are accusing her of stealing Ayana's spot when the company clearly wanted a cute maknae that would get babied, and that's a strategic decision not a personal attack on Ayana.",reaction
"Survival shows bring out the worst in kpop fans — we all bear some scars from those shows.",reaction
"Nothing will ever compare to Wanna One's predebut hype — that Innisfree event was something else entirely.",fandom
"EXO's predebut hype was on another level — they were teasing that shit for a YEAR and literally nothing compares to it.",reaction
"RIIZE's predebut crowd at KCON LA was electric — everyone in the convention rushed to the stage and I've personally never seen anything like it for a rookie group.",reaction
"Min Heejin had a cult following for years while at SM and anyone familiar with her work like Pink Tape and 4Walls — some of the most universally praised kpop eras ever — was excited to see what she'd do with full creative control at Hybe.",analysis
"Blackpink's predebut hype was insane — Jennie had already been on a GDragon song, everyone knew the group was being built around her, and it was during YG's absolute peak.",analysis
"I bought an Eribong for EXhOrizon and I'm planning to decorate it, but it already looks so pretty on its own especially when it lights up so I'm thinking of leaving it bare.",fandom
"NMIXX actually sing even with complex choreography — their mics were on and LOUD, with the backtrack turned way down so their live singing is the only thing you can hear.",analysis
"Lily is the most stable vocalist in NMIXX — I don't think I've ever noticed her being off pitch even when doing crazy movements, and this type of pure live performance is super rare in kpop.",analysis
"I love how Sullyoon is so happy every time she nails that Run sequence, and Jiwoo's voice texture scratches my brain crisp while Kyujin sounds so soft in the prechorus.",fandom
"Kpop spaces are draining because of their tendency to fixate on drama and fan wars — there's a greatly managed tour going on but people hyperfocus on one staff member being mildly rude, like where is the artistic appreciation?",reaction
"Twitter kpop fans have some of the best music analysis despite being hateful, while reddit kpop fans are too sensitive to take opinions that aren't overwhelmingly positive — youtube is just straight praise and fan wars with no in between.",analysis
"Streaming culture is the worst — if you don't stream a title track 400 times in 3 days you're considered a horrible person who doesn't care about the members' wellbeing.",reaction
"Stan twitter accounts created exclusively for one group saturate the internet with blind praise and call you a hater if you dislike a comeback — like no, I actually have the ability to form my own opinions.",reaction
"Lemonade is everything Armageddon wasn't — the bsides are cohesive and actually sound like one body of work, whereas Armageddon's second half sounded like it belonged on a completely different release.",analysis
"Aespa tends to be hit or miss with albums — the lead singles are always good but the bsides go from great to bad and back again, cycling through savage, girls, my world, drama, armageddon, whiplash, and now lemonade.",analysis
"Supernova was the song that introduced me to aespa but Lemonade is the album that made me think they might be the best 4th gen girl group — and it's not like the competition is lacking.",reaction
"WDA is too damn good — it kind of spoiled the rest of the album, and it's a shame Switchblade won't see proper promotion because this album is so solid that Shakin could be a title track on a different release.",reaction
"Katseye is an English language group based in the US so the rules are different — American artists regularly curse during performances, while the expectation for Korean acts is to be less profane.",analysis
"Katseye's choreo in Iconic by Mistake was clearly the most complex and eye-catching — it's not like ILLIT and LE SSERAFIM can't do difficult choreos since Easy and Jellyous are really hard too, I just wish they had more to show here.",analysis
"Katseye has a very sexual brand and LE SSERAFIM occasionally does too, but I genuinely can't see ILLIT branding themselves as sexy — Wonhee and Iroha are essentially babies by comparison.",reaction
"Early ITZY choreo could send even the best dancers to the hospital with one wrong move — ILLIT's Jellyous was killing people too, watching the behind the scenes of them trying to film dance challenges is hilarious.",analysis
"Some fans have a savior complex where they want to rescue their idols — the idol stops being seen as a person and becomes a character in a narrative fans created for them, which is ironic when fans claim they want idols treated like humans.",analysis
"The culture of overanalyzing every facial expression or gesture has become unhealthy — an idol looks tired for two seconds and suddenly people think they hate the company.",reaction
"Outing a relationship against someone's consent is still bad even if fans do it to normalize idol dating and prove they are a supportive stan — it's totally normal for someone in the public eye to have privacy over their relationships.",analysis
"Early gen drama gets discussed more now simply because enough time has passed — the idols can talk about it freely unlike younger ones, and their fans are older and more level-headed.",analysis
"Heechul from Super Junior had to write a pre-debut apology to a dance instructor and started it with 'I don't know what I did wrong, I'm writing this because the company told me to.'",reaction
"The whole concept of idols being asked to name their ideal types is crazy — sometimes we got real confessions like IU being a Taeyang fangirl, and ironically IU and Eunhyuk ended up having an actual dating scandal with each other.",reaction
"I liked how each group still has their own style in the MV — ILLIT is weirdcore, LE SSERAFIM is fearless, and Katseye are chaos gremlins — it felt like a superhero movie where everyone gets their own part.",fandom
"It's not the best song in the world but it's fun vibes — would I add it to a playlist? No. Would I rewatch the MV for a laugh? Absolutely.",reaction
"Kpop stans need to learn nuance — there are other stances you can take than your fave's company being one big loving family or every company being filled with evil capitalists who exploit idols.",analysis
"It's exhausting for fans to always see hate towards their group so they get defensive, and annoying for those giving criticism who then get attacked — both sides feed off each other.",fandom
"Album sales reflect how devoted the fandom is — groups like Ateez and Stray Kids may not have hits with the general public, but their high sales and impressive tour numbers show that fandom loyalty matters more for longevity.",analysis
"Boy groups have always had better album sales than girl groups — it's much harder to find a western equivalent of a kpop boy group, but kpop girl groups have more competition from western artists, so fewer girl group stans stay loyal.",analysis
"Cortis sold 2.3 million copies of GreenGreen on just their second comeback — their sales increased 5 times from their debut album, which is one of the most dramatic jumps in recent kpop history.",reaction
"If something innovative doesn't happen to albums the sales will keep declining — you're giving teens pieces of cardboard and stickers for $30 plus $15 shipping when all the music is already on streaming.",analysis
"Forever You by BND made me cry practically every time I've listened to it — the melody is gut-wrenching while maintaining an almost false gentleness that makes the listening experience feel safe despite the heavy content.",fandom
"Woonhak poured so much of himself into Forever You after the passing of his grandfather — his dedication to his grandpa is genuinely so moving and I admire him for it.",fandom
"We don't see songs with familial love as the centric force often in kpop — Jaehyun's rap verse paints an image most of us have gone through, growing up and learning how difficult life must have been for our parents.",analysis
"I did a 14 minute TWICE workout video and was out of breath after the first song — it made me realise how insanely fit kpop idols are to do full dances while hitting high notes or rapping.",reaction
"TWICE songs are high pitched and structured for 9 people with barely any room to breathe between lines — someone tried the Lollapalooza setlist as a workout and almost passed out by the third song.",analysis
"NMIXX and ITZY have a special tier in my admiration — Kyujin and Yeji get some of the most lines in their groups' title tracks but also dance the hardest, and one take of their choreos without even singing is strenuous enough.",fandom
"Idols are trained like athletes but not fed like one.",analysis
"HOT is a perfect showcase of LE SSERAFIM's ever-developing identity — there's a level of maturity and introspection to it that I really liked, and these types of songs are always the light in the dark in an industry that prioritizes TikTok-ability.",analysis
"HOT cemented LE SSERAFIM's status as musical chameleons — the girls can pull off any concept and sound, and it brought so many new fearnots into the fandom.",fandom
"HOT isn't as big as their other hits because its hook isn't tiktokified enough — but with over 150 million streams on Spotify it's a respectably big sleeper hit and one of their more critically appreciated songs.",analysis
"The entire HOT EP was added to my playlist — Ash is one of the best bsides in history and Come Over was such a visual feast, it's frustrating to see people overlook it.",fandom
"LE SSERAFIM started a hashtag telling fearnots to talk about what they're celebrating lately — my timeline has been filled with fans celebrating graduations, proposals, and small wins like a sunset, and I find it incredibly sweet.",fandom
"I love how consistent LE SSERAFIM's concept has been — always centered around messages like love yourself, your mistakes are not the end of you, don't try to please everyone, and now celebrate yourself.",analysis
"LSF got flak for Coachella and they ended up wowing people with a critically acclaimed world tour — they sometimes stumble but they always come back stronger and push forward every single time.",fandom
"Making fun of groups for only having a strong foothold in Korea misses the point — older groups like Apink, BTOB, and Mamamoo can still have comebacks after long hiatuses because of loyal Korean fans who waited for them.",analysis
"The obsession with western success is basically American exceptionalism — people use the term international fans and completely ignore anybody outside the USA, as if success in the states is the only valid success.",analysis
"If any idol group wants to survive past 10 years the main market they should capture is actually Japan — groups like Kara, SHINee, and TVXQ all made reunion concerts possible because of their massive Japanese fandoms.",analysis
"Recognition in Korea is essential if a group wants to create a legacy — 25 years from now, how will your people remember you and your contribution to your country's music history?",analysis
"Asian fans tend to be more loyal and are more likely to support you longer — with western fans there are more multis which makes the fandom more unstable, less of the ride or die vibe.",analysis
"BTS is more successful as a whole than each individual member's solo success — the whole is greater than the sum of its parts, and musical style plus lack of domestic promotion are the main factors.",analysis
"Jungkook is the most popular BTS member domestically by a significant margin — Seven has barely left the Melon charts since debut, while j-hope's softer and more chill songs tend to do better in Korea than his performance-heavy tracks.",analysis
"Many BTS members made music that wasn't ever going to be GP friendly — but that's okay because they have a massive fandom as a group to catch them even if their solo work isn't commercially successful on the charts.",analysis
"The moment I understood that the only beneficiary of voting apps is the TV station's ad revenue and not the idols, I was permanently cured of any desire to participate — idols don't make more money if they win on Music Bank.",analysis
"Enjoying music is a fun hobby, not a lifestyle — liking kpop, even your favorite group, is just liking another genre of music, and that mentality should apply to kpop too.",reaction
"Kpop has become a competition of which fandom has the most hardcore fans with the loudest voices — people take this shit way too seriously and it's really just another form of music you listen to and move on.",reaction
"No one has the right to tell you how to be a fan — the way someone engages with a group depends on their time, money, interests, and circumstances, and that's perfectly okay.",fandom
"ITZY has been putting out bangers after bangers but the public still says their recent releases aren't as good as before — it pmos me because the decline started with sneakers and it's been a marketing problem more than a music problem.",reaction
"NMIXX has been absolutely killing it lately — Crescendo and Heavy Serenade are absolutely fantastic and they are some of the few 4th gen girl groups who perform live the way they do.",fandom
"The idea that the best music in kpop comes from SM is widely accepted but SM's structure is often predictable and the music can feel like a meme or a combination of all kpop stereotypes.",analysis
"NewJeans siding with Min Heejin makes complete sense — they were in an ADOR bubble, she showered them with gifts, built relationships with their parents, and guided them through hit after hit, so of course young girls in that orbit couldn't see it objectively.",analysis
"Star quality is a myth that obscures what it takes to succeed — it's actually a varying mix of looks, marketing, timing, luck and skill, and it's not the same for everyone.",analysis
"I don't care about breaking records, I just want the groups I listen to be able to make a living.",fandom
"Companies are operating from fear rather than prioritizing concept artistry or musical direction — when any small thing can dismantle a career like with AOA's Jimin or Garam, entertainment companies lean toward caution in every single aspect.",analysis
"Kpop used to be fun, different, and creative which drew me to it in the first place — it's mainly our fault as fans and netizens for why that no longer exists, we only have ourselves to blame.",reaction
"Official group positions are slowly disappearing — everyone's an all-rounder nowadays even though some aren't really capable of being talented at everything, and it's okay to stand out in a particular skill.",analysis
"No one has their own individual sound anymore — there's nothing wrong with chasing trends but when you're chasing every trend it becomes a problem.",analysis
"Having a bias is a teenage thing — when everyone you interact with has a bias you subconsciously think you need one too, but once you grow out of needing to fit in certain things stop feeling compulsory.",analysis
"I've been into kpop since 2010 and now I mainly just check out the music — no interviews, no performances, no variety shows, and if I have a favorite in a group it's probably because 90% of the group is nameless to me.",fandom
"I now just listen to debuts and comebacks without strings attached and I'm happiest this way — I don't have to deal with the fandom side and I'm here purely for the music.",fandom
"Before getting into kpop I had no connection to pop music for 8 years — in that period only artists like Adele, Taylor Swift, and Drake reached me, and by 2018 I had also come to know BTS existed despite knowing nothing about them, which made me curious enough to become a fan.",fandom
"The photocard system is the worst — it makes people buy tons of albums just to get one card, and the resellers and trading market create the overconsumption and inflation problem, not necessarily the fans or companies.",analysis
"The gamification of music in the kpop industry trains stans to care less about good music and more about seeking the dopamine rush from unlocking new achievements — more releases means more possible achievements.",analysis
"Idols are all-around entertainers not just singers — the music releases are part of content alongside concerts, variety shows, social media, and lives, so comparing release frequency to western artists misses the point.",analysis
"K-pop fandoms basically industrialized social media engagement — streaming goals, voting apps, trending hashtags — so it looks dominant online, but the actual consumer base is still much smaller than mainstream Western pop.",analysis
"Kpop is like vtubing in streaming — not a hard music category but a way of presentation, and based on streaming data, hip-hop, American pop, country, and Latin all absolutely dwarf kpop streams worldwide.",analysis
"Asian Pop tours have seen a roughly 600% increase between 2015 and 2024 — the bigger artists are filling arenas the same venues mainstream artists fill, yet they aren't widely known to the general public.",analysis
"Kpop is not a musical genre in the sense of pop, rock, or country — it's an entertainment category with its own ecosystem and rules, and calling it a genre has zero musical substance behind it.",analysis
"Lee Soo Man was directly inspired by the Japanese idol industry and Barry Gordy's Motown Records — Japan, the US, and even Detroit had all imprinted themselves on Korea by the time kpop started.",analysis
"A song like Guerilla by ATEEZ isn't pop and sounds nothing like Magnetic by ILLIT, yet both are classified under kpop — which proves kpop isn't a genre but an industry defined by the idol training system and parasocial market.",analysis
"BTS sold 34 copies of their first album on the first day from a bankrupt no-name company with a flooded basement practice room — Yoongi was doing side hustles because their future was shaky at best, and now they've built HYBE.",analysis
"Brave Girls' Rolling is the greatest underdog story in kpop — a 4 year old song from an unknown group hit the top of charts without any promotion, right when the members were literally exploring other lines of work.",reaction
"ATEEZ sold 430 copies on their first day and never held back great songs because there was a possibility they'd disband — now they're one of the only non-big 4 groups consistently on the highest concert and album sales lists.",reaction
"I-dle's success was surprising twice — first with Latata rising on charts despite Cube's track record, and then again with Tomboy after a long hiatus when everyone expected it to be the end of the group.",analysis
"The ETA controversy with NewJeans had almost 1k comments about terrorism before the MV came out — then complete silence when it was just a pool party shot on iPhone about a breakup, it's almost like mass psychosis looking back.",reaction
"The Tablo Stanford situation is the most absurd controversy in kpop — getting an undergrad degree and masters from Stanford somehow nearly ruined his and his whole group's career through a coordinated harassment campaign.",reaction
"Dawn and Hyuna getting fired by Cube for publicly dating is one of the stupidest overblown controversies — and the worst part was international fans defending Cube over it at the time.",reaction
"ILLIT's Lucky Girl Syndrome is unique because the word syndrome is usually used to define something negative or abnormal, but in this song it becomes a positive and empowering trait instead.",analysis
"Wings was BTS's magnum opus — the story behind it borrowed from classical literature in a way I hadn't seen in kpop before, and Stigma, Lie, and First Love are some of the best solos to come out of kpop.",analysis
"Blood Sweat & Tears is underrated in BTS discussions — everything about it is absolutely perfect and I believe it changed the kpop scene tremendously at the time.",analysis
"The HYYH era was the most impactful for BTS — it changed the trajectory of their careers and of kpop in general by perfectly introducing multi-media story narratives incorporating music, videos, films, books, and audience participation.",analysis
"Arirang is an absolutely genius piece of work with no skips — musically and lyrically so much deeper than people gave it credit for when it first came out, and the only BTS album I must listen to from top to bottom.",fandom
"All IVE members sing really well and their raw vocals in encores never disappoint — but Yujin tries her hardest to sing everything live in performances and deserves credit for that.",analysis
"Leeseo deserves more appreciation for her improvement — she improved her stage presence, rap, and vocals so much in 2023 and somehow doesn't get the same attention as Rei, Liz, and Gaeul for their talent.",fandom
"Wonyoung haters pmo to an extreme level — she gets so much unnecessary hate and I love her so much.",fandom
"Starship needs to promote their bside tracks the way Itzy's That's a No No and Baemon's Really Like You were promoted — IVE has too many underrated bsides that deserve more attention.",analysis
"Idols thrive in a group setting because member interactions and chemistry serves as a magnification of each other's charms — soloist Somi is quite different from IOI's Somi, and you need another beagle member to match her energy and get the tiki taka effect.",analysis
"The IOI comeback was remarkable and by the end everyone was so comfortable opening up and showing their personalities on stage — I'm actually kinda depressed this comeback is over.",fandom
"Somi wrote and produced Suddenly for the IOI comeback and even funded it partly with her own money taking a loss — she became the de facto leader once the comeback got rolling despite Chungha being the main catalyst.",reaction
"The IOI group chat has been going strong since they disbanded with Seojeong messaging the most — it's bittersweet how much Chungha missed the girls after establishing herself as one of the top soloists, like she misses the simpler days surrounded by silly friends.",fandom
"I.O.I. was only around for less than a year and disbanded almost eight years ago but god I still miss them — their lineup had it all, talent, visuals, personality, and I truly believe if they were a permanent group they would have been one of the greats.",fandom
"They barely even had a chance to promote with all members present yet were still such an unbelievable group — it pains me to see them slowly be forgotten when they could have been so much more with the same time and quality songs later Produce groups had.",reaction
"I fell in love with I.O.I's chemistry after watching one piece of content and binge-watched the entire survival show — their bond and talent was undeniable, and it's amazing that even though they were a group for such a short period they all still treasure that experience so much today.",fandom